title;subject;date;short_text;type
Jay Dyer on Tragedy & Hope – Part 4: Rothschilds, Central Banks, FDR & the US Imperium;Middle-east;21-07-2016;Jay Dyer 21st Century WirePicking up where we left off in Part 3, we look at Quigley s analysis of Germany prior to World War II and the rise of Nazism, the situation in France with the dominance of the Catholic, Protestant and Jewish banking houses, and how Rothschild came out on top. We also look at how all three of these colluded to establish a fake front known as the Bank of France at the behest of their agent, Napoleon. ( Hour 2) Revolutions lead to consolidation and the establishment of a central bank, where the  Great Leader  hands the nation s assets and future capital over to the bankers.;Fake
COLLEGE QB Kneed Out Of Anger Over Trump’s Remarks About NFL Players Disrespecting Our Flag…Immediately Gets Bad News From Coach;left-news;14-10-2017;He was given the option to kneel in protest before the game, but it was more important for him to take a stand against our President for bravely taking a public stance in defense of our flag and for our veterans A liberal arts college in eastern Pennsylvania cut its backup quarterback after he knelt during the national anthem. Albright College in Reading cut Gyree Durante from its team after he took a knee during the Star-Spangled Banner, according to the Philadelphia Inquirer. According to the paper, the school promised consequences if players took actions different than those made in a special agreement.;Fake
MUSLIM CONGRESSMAN Abruptly Leaves DC: Uses Finely Honed Divisive Race Skills To Lead Fight Against Cops In MN;left-news;29-11-2015;Rep. Keith Ellison (D-MN) is more than just a radical activist, he s also a devout Muslim U.S. Rep. Keith Ellison abruptly left Washington earlier this month to fly back to Minneapolis and emerged at the center of explosive confrontations between black activists and police outside the Fourth Precinct station. In those first, uncertain days after a fatal police shooting of an unarmed black man in north Minneapolis, Ellison displayed credibility among different factions of the black community, and also had stature in the mayor s office and could help broker a sit-down meeting between Gov. Mark Dayton and the family of the shooting victim, Jamar Clark. The unrest has elevated Ellison s profile, but it has also become his biggest test yet as a political leader trying to negotiate a truce in the latest flare-up of long-running tensions between police and the local black community.;Fake
WOW! LEGAL HISPANIC AMERICAN IMMIGRANT Unloads On Racist Hillary Supporters: “Liberals Are Desperate Because They Know They’re Gonna Lose” [VIDEO];politics;14-10-2016; ;Fake
 Twitter Throat-Punches Trump After His Latest Stupid Lie About The New York Times (TWEETS);News;29-03-2017;On Wednesday, failing President Donald Trump attempted to distract from his ongoing troubles with his administration s numerous, suspicious, and likely treasonous ties to Russia by once again attacking media he considers adversarial   which, of course, is anyone but Fox News and Breitbart at this point. In this case, he once again went after the  failing  New York Times. Remember when the failing @nytimes apologized to its subscribers, right after the election, because their coverage was so wrong,  Trump tweeted.;Fake
 The U.S. Constitution Just Ruined Trump’s Day: He’s Now Being Sued For His Twitter Activity (DETAILS);News;11-07-2017;For someone who is as vocal and outspoken as Donald Trump on social media, he has shockingly thin skin. Trump has been known to hide and run away from protesters both on and offline, unable to take the much-needed criticism that Americans are trying to offer. Because of Trump s fragile ego, it has been quite common for Trump to block other Twitter users for simply expressing their First Amendment rights.;Fake
Mainstream Media Fake News: 21st Century Wire Debates American ‘Liberal’ Academic;US_News;18-12-2017;This past week saw one of the most colorful debates regarding the CNN and US mainstream media meltdown over the Russia-gate conspiracy. CrossTalk says:  Trust in the mainstream media is at an all-time low. But no one should be surprised and the media has itself to blame.;Fake
WIKILEAKS BOMBSHELL RELEASE: #Unfit Hillary’s Advisors Contacted NFL Commissioner For Advice On “Cracked Head” [VIDEO];left-news;23-08-2016;Hillary Clinton adviser Philippe Reines at the State Department contacted the NFL Commissioner in 2012 to inquire about severe head injuries. Hillary Clinton thanked Reines and added,  Having a cracked head is no fun at all. The email was sent on December 24, 2012.;Fake
OOPS! [Video] Flashback To When Carly Fiorina Made Fun Of A Female Political Opponent’s Appearance;politics;17-09-2015;Hmmmm .interesting HT: U.S.Patriot1776 Via: Weasel Zippers;Fake
 The UNBELIEVABLE Reason Trump Pardoned Arpaio As Hurricane Harvey Was Bearing Down;News;28-08-2017;If Donald Trump hadn t proven himself to be the worst person to ever occupy the White House, he certainly proved it on Friday. While Hurricane Harvey was about to hit land as the largest hurricane in over a decade, he pardoned the racist sheriff Joe Arpaio. As it turns out, Trump s timing wasn t just heartless and it wasn t at all oblivious.;Fake
 DNC Chair Not Holding Back On GOP: ‘They Don’t Give A Sh*t About People’ (VIDEO);News;01-04-2017;Democratic National Committee Chairman Tom Perez didn t mince words when he called out the GOP for their appalling health care plan. Their plan would have resulted in tens of millions of Americans being without insurance coverage by the end of the next decade. Perez made his point loud and clear when he explained that the reason Republicans are okay with this plan is because they just  don t give a sh*t about people.;Fake
MORE TRANSPARENCY: CLINTON’S REFUSE TO RELEASE HILLARY’S HEALTH RECORDS;left-news;16-06-2015;Karl Rove is suggesting Hillary suffered brain damage following her blood clot. On Sunday, Hillary Clinton s campaign manager would not commit to releasing her health records during the 2016 campaign. Face the Nation host John Dickerson pointed out that  Hillary Clinton had a big health scare when she was secretary of state  and asked campaign manager Robby Mook,  will she release her medial records as part of this campaign?;Fake
STUNNING TESTIMONY On The Devastation Illegal Immigration Brings To Black America [Video];Government News;21-03-2016; Fantastic testimony on the disastrous results of illegal immigration on the black community: FLASHBACK: Obama wrote in 2006 that Illegal Immigration HURTS  Blue-Collar Americans,  and STRAINS Welfare pic.twitter.com/wpvnqFgIQ9  NumbersUSA (@NumbersUSA) March 20, 2016;Fake
 Trump SHREDS All Remaining Ideas That He’s Not An Egotistical Bastard In Latest Hillary Rant;News;29-07-2016;Nobody can accuse King Cheeto, a.k.a. Donald Trump, of being classy, even as he expects a classiness from his rivals that he ll never possess. At a rally in Colorado Springs, he bitched and moaned about Hillary s speech, especially how she didn t congratulate him, her worthy opponent, for being so amazingly worthy.;Fake
MASSIVE WIKILEAKS DROP Exposes CIA Spying via iPhones, Android Phones and Samsung TVs [Video];Government News;07-03-2017;WIKILEAKS JUST DROPPED DOCUMENTS EXPOSING THE CIA SPYING AND HACKING:The CIA  hacks iPhones, Android phones and TVs Via Wikileaks:Today, Tuesday 7 March 2017, WikiLeaks begins its new series of leaks on the U.S. Central Intelligence Agency. Code-named  Vault 7  by WikiLeaks, it is the largest ever publication of confidential documents on the agency. The first full part of the series,  Year Zero , comprises 8,761 documents and files from an isolated, high-security network situated inside the CIA s Center for Cyber Intelligence in Langley, Virgina.;Fake
 Obama Lets Us In On Who He Thinks Will Be President At Next Year’s Correspondents’ Dinner (VIDEO);News;30-04-2016;Every year the nation s press corps meets in Washington D.C. at the Correspondents  Dinner. A dinner which is always entertaining, to say the least, as President Obama jokes about events that may have happened throughout the past year, and people who have most significantly appeared in the media. This year was no different as the president quipped about each and every presidential candidate, not leaving anyone out.;Fake
In Liberal Utopia of Chicago, Where Americans are? Dying Left & Right…Rahm Emanuel Unveils Fancy ID For Illegals;politics;16-12-2017;Chicago Mayor Rahm Emanuel is really working hard to make Chicagoans feel a part of the city the only problem is he s focusing his efforts on the illegal aliens who live there. To add insult to injury, Chicago s murder rate is sky high with no end in sight but, but, but the illegals have a new  fancy  ID to give them the same benefits as everyone else in the city at a cost of millions to taxpayers. The card is free to the freeloaders while the taxpayers foot the bill The name  municipal ID  was initially floated for the program, but Emanuel revealed that Chicago s city IDs would actually be called  City Keys.;Fake
Finger Wagging Maxine Waters on Illegal Aliens and the Wall: ‘This is their country!’ [Video];left-news;18-09-2017;Maxine Waters is one angry woman. She has gone non-stop with attacks on President Trump since he was elected. Speaking to the Westchester-Playa Democratic Club at an LA church in April, Waters defended illegal immigrants, saying America is  their country.;Fake
 Trump Team Getting Approval On White Nationalist Nominees From The Worst Lying Troll On The Web;News;09-01-2017;There s a man who s been permanently banned from Twitter for threats and harassment, and was once known as the  most hated man on the Internet,  who s working behind the scenes to advise, and even approve of, some of Trump s nominees. That man is Charles  Chuck  Johnson (not to be confused with Little Green Footballs  Charles Johnson), and he s used his platform to spread racist hate and outright lies. And Forbes reports that he s working to help pick Trump s administration.;Fake
YOUNG MAN DELIVERS POWERFUL Message To Liberals: “Put down your fists…Take off your masks…If you do not change…you’re going to lose” [VIDEO];politics;16-02-2017;Wow! This young Asian student nails it! He speaks for every American who has been a victim of Obama s failed government experiment.;Fake
PERFECT! President Trump Is Laughing Hysterically In HILARIOUS New Video Featuring CNN Logo As Jim Carrey In “LIAR LIAR” Movie;politics;10-07-2017;Last week, after President Trump retweeted a hilarious WWE wrestling video featuring  Donald Trump  body-slamming WWE Chairman Vince McMahon, with a CNN logo dubbed over his head. Instead of letting it go, CNN chose instead, to threaten the person who allegedly created the meme. As it turns out, threatening to  out  a private citizen for exercising his right to free speech, simply because it offended CNN, probably wasn t a very good idea. #;Fake
WHOA! MELANIA TRUMP BREAKS HER SILENCE…Fires Back At Trump Accusers [VIDEO];politics;17-10-2016;Melanie Trump is more than just a pretty face. She is brilliant and is not likely someone who is pushed around. In her interview on Fox & Friends that will air on Tuesday between 6-9 am EST, Melania talks about her husband s accusers with Fox and Friends host Ainsley Earhardt.;Fake
NANCY PELOSI Screws Up the Oath of Office While Lecturing Reporters on the Seriousness of Her Job [Video];politics;30-07-2017;Not a day goes by that we have another gaffe from Nancy Pelosi Term Limits Please!.@NancyPelosi screws up the oath of office while lecturing reporters about the seriousness of her job. pic.twitter.com/hLGCxsqK4m  Josh Caplan (@joshdcaplan) July 30, 2017 PELOSI:  As you know, today we ll be debating what s called the minibus, minibus. Not an omnibus, everything, minibus.;Fake
WINNING “Draw Mohammed” Picture Being Sold On E-Bay…With 4 Days Left To Go, You Won’t Believe How High The Bids Are Getting;left-news;03-05-2016;You won t believe how much people are already bidding for  the  Draw Mohammed  picture. Check out the latest bids here: E-BAYThe image that won the  draw Mohammed contest  attacked by terrorists in Garland, Texas, is now up for sale on eBay. The art depicts an artist drawing Mohammed with the dialogue  You can t draw me.;Fake
 Obama’s Head Of Disaster Relief TRASHES Trump’s Response To Puerto Rico (TWEET);News;30-09-2017;It s no secret that Donald Trump s response to the crisis in Puerto Rico has been nothing but disappointing. While US citizens were begging for disaster relief, Trump was staying at his golf club, turning his back on them. The Washington Post ran a story about Trump s negligence last night, stating that Trump went MIA for four entire days while Puerto Rico suffered, focusing all of his attention on attacking NFL players and North Korean dictator Kim Jong-un.;Fake
MUSLIM DEMOCRAT WOMAN Is Asked How She Feels About Trump’s Presidency: “If Arab countries can ban Muslim Brotherhood why can’t we?”;left-news;13-02-2017;Anila Ali was born in Karachi, Pakistan, and studied in London, where she became a volunteer in the All Pakistan Women s Association. In 1996, she came to California. She is an active member of the Council of Pakistan-American Affairs (COPAA), the author of  Mommy am I a ?;Fake
 Trump Spokeswoman Slips Up, Says Trump’s Immigration Plan Won’t Work (VIDEO);News;06-09-2016;We are all getting whiplash from Donald Trump s constant flip-flopping on his immigration policy over the last few weeks. Trump had been touting one of the most racist, heartless and problematic solutions to immigration throughout his entire campaign until just a few weeks ago, when he suddenly walked it back and softened his position. That decision confused everyone   and especially angered his equally racist supporters   and Trump has been stuck in a vicious back-and-forth pattern ever since.;Fake
 Michigan Republicans Strip Flint Of Their Power To Sue The State Over Poisoned Water;News;19-09-2016;The city of Flint, Michigan is suffering through a horrible man-made disaster that could have been easily prevented if state Republicans hadn t been so careless. After placing Flint under state control, officials chose to save money by switching the city s drinking water from Lake Huron to the Flint River, which has not been the drinking water source for decades because it was poisoned and considered unsafe for human consumption. As a result, the city has been devastated by lead poisoning, which will have terrible consequences for years to come for the children who ingested the tainted water.;Fake
YIKES! WHAT THE HECK Did Hillary Just Cough Up Into Her Glass?…And Why Is There An Ambulance In Her Motorcade? [VIDEO];left-news;06-09-2016;Hillary was seen passing up a bottle of water in the midst of another one of her coughing fits in front of her press cheerleaders on her new campaign plane yesterday. Passing up a bottle of water in the middle of a coughing fit would seem strange, but what was even more strange is that she passed up a bottle of water for a glass of water that was handed to her by someone on her staff from behind the curtain. Pretty much everything Hillary does is done from  behind a curtain  so the idea that Hillary is likely hiding a serious illness like say .Parkinson s Disease is not really all that far fetched.;Fake
 KY GOP State Rep. Commits Suicide Over Allegations He Molested A Teen Girl (DETAILS);News;13-12-2017;In this #METOO moment, many powerful men are being toppled. It spans many industries, from entertainment, to journalism, to politics and beyond. Any man that ever dared to abuse his power to sexually harass, molest, or assault women better brace himself for being rooted out, publicly shamed, and forced into early retirement.;Fake
 Donald Trump Even Stole The Cake Design From Obama’s 2013 Inauguration (TWEETS);News;21-01-2017;At this point, it s fair to ask,  What is Donald Trump s deal?  From allegedly paying Russian prostitutes to  drain the swamp  all over a bed because Obama once slept in it to stealing a photo from our last legitimate President s inauguration and attempting to pass it off as one of his own, to erasing as much of Obama s agenda as he could from the White House website, to immediately going for Obamacare s throat, it almost feels like The Donald s only purpose is to erase the President s legacy and douse it in Russian lady pee. Now, it seems, he even stole a cake design from Obama.;Fake
 Obama Probing Putin: Orders Review Of Russian Hacking, And He Wants It Done Before He Leaves Office;News;09-12-2016;President Obama has ordered a  full review  of Russian involvement in the DNC hacking and interference in the U.S. presidential election, and he wants it on his desk before he leaves office. Lisa Monaco, Obama s counterterrorism and homeland-security adviser, told reporters that it is  incumbent upon us  to take a deeper look into the situation. We may have crossed into a new threshold, and it is incumbent upon us to take stock of that, to review, to conduct some after-action, to understand what has happened and to impart some lessons learned,  she said.;Fake
 Woman Who Made Viral ‘Naked Trump’ Painting Was Assaulted, Beaten Near Her Home (IMAGES);News;03-05-2016;Donald Trump s supporters are a violent bunch. All you have to do is go to one of his rallies to see how dangerous this man and his freaky fans are. They ve now taken it a step further, too   and dangerously so.;Fake
American Scientists Harvesting Human Organs in Live Pigs, Creating a Human-Pig Embryo;Middle-east;06-06-2016;21st Century Wire says This is one step closer to the future industry of farming organs in human surrogates. American scientists are now trying to grow human organs inside of pigs in order to  tackle the donor shortage  (problem, reaction, solution).The potential for limitless profits here is immense  The GuardianScientists trying to grow human organs inside pigs in an attempt to tackle a shortage of donors have successfully created part-human, part-pig embryos, it has been reported. Researchers at the University of California, Davis combined human stem cells and pig DNA and allowed the embryos to mature for 28 days, before terminating the experiment and analysing the tissue.;Fake
NFL STAR Delivers TOUGH Message About “Exterminating Blacks” For Any Voter Who Supports Hillary [VIDEO];left-news;18-08-2016;Hillary Clinton is a Planned Parenthood s champion. She was greeted like a rock star at the Planned Parenthood Action Fund event in June, 2016. She mocked Donald Trump s defense of life, while highlighting her undying support for destroying the life of the most vulnerable.;Fake
MEDIA IGNORES Time That Bill Clinton FIRED His FBI Director On Day Before Vince Foster Was Found Dead;politics;10-05-2017;In its 109-year history, only one F.B.I. director had been fired   until Tuesday, when President Trump fired James B. Comey. In July 1993, President Bill Clinton fired William S. Sessions, who had been nominated to the post by President Ronald Reagan in 1987. Mr. Clinton said his attorney general, Janet Reno, reviewed Mr. Sessions s leadership and concluded  in no uncertain terms that he can no longer effectively lead the bureau.;Fake
Barack Obama’s Final Arms-Export Totals Doubles That of Bush Administration;US_News;11-11-2016;21st Century Wire says 21WIRE has always pointed out that the marketing facade of Barack Obama as the  Nobel Peace Prize  President is just that   a facade. The facts simply do not support the myth.  Defense OneThe Obama administration has approved more than $278 billion in foreign arms sales in its eight years, more than double the total of the previous administration, according to figures released by the Pentagon on Tuesday.;Fake
OOPS! HECKLERS FORCE HILLARY OFF Stage In LA After Only One Minute [VIDEO];politics;07-05-2016;Karma s a bitch or is it the other way around? LA doesn't seem to like Hillary Clinton..her campaign rally today lasted less than a minute. This is over half of it pic.twitter.com/5IwqTTuTqv  Alison Arkin (@Cronikeys) May 7, 2016;Fake
SOMALI PIRATE POSING AS A “REFUGEE” Found Covered In Blood After Stabbing Roommate 19 Times In German Government Funded Housing;Government News;28-12-2015;Apparently free housing, food and spending money wasn t enough for this murderous thug posing as a helpless refugee A Somali pirate who was in jail in France for seven years has been jailed for another eleven years in Germany after murdering a fellow African while pretending to be an  asylum seeker  in a Berlin invader camp. The astonishing story of the 35-year-old African invader has been revealed in the Potsdam, Berlin-based M rkische Allgemeine newspaper. The Somali who has still not been named, apparently by court order provided an astonishing story which dramatically illustrated how hordes of fraudsters have taken advantage of deluded European liberals to invade and parasite off Europe.;Fake
 CNN Found The Perfect Way To Troll Trump’s Live Announcement Today (IMAGE);News;05-06-2017;Donald Trump may have been guilty in intentionally scheduled his first overseas trip to temporarily escape his Russia scandal just as things started really heating up. Unfortunately for Trump, now that he is back in the States, the investigation is once again catching up to him. One thing Trump will regret during this whole Russia investigation is his volatile, tense relationship with the press.;Fake
Region must do more to pressure South Sudan leaders to end conflict: U.S. diplomat;worldnews;13-09-2017;WASHINGTON (Reuters) - African countries should do more to pile pressure on South Sudan s political leaders, who seem incapable of resolving the country s four-year civil war, a top U.S. diplomat said on Wednesday.  We think there is more our African colleagues can and should be doing at this point, especially in terms of focusing on leadership, that from our point of view is behaving in a way that is very irresponsible,  Tom Shannon, U.S. under-secretary for political affairs at the State Department, told reporters. Shannon, speaking on the sidelines of a U.S-African Partnerships event at the U.S. Institute of Peace, said Washington had grown  intolerant  of South Sudan s leaders and the challenge was to work with African countries which are interested in seeing an end to the conflict.;True
UK's May says foreign minister Johnson 'doing good work';worldnews;19-09-2017;LONDON (Reuters) - British Prime Minister Theresa May backed her foreign minister Boris Johnson on Tuesday after reports he could quit over her Brexit strategy, Sky News reported. Sky news reporter Beth Rigby said on Twitter that, when asked whether Johnson should be sacked, May said:  Boris is doing good work as Foreign Secretary.  May also said she was confident of getting her whole senior team of ministers to back her Brexit strategy, which she is due to lay out at a specially convened cabinet meeting on Thursday before making a speech in Florence on Friday.;True
Democrats push SEC nominees on corporate political spending;politicsNews;15-03-2016;(Reuters) - Democrats in the Senate made a concerted push on Tuesday during a confirmation hearing for nominees to the Securities and Exchange Commission to require corporations to disclose political contributions. Senator Charles Schumer of New York threatened to vote against confirming the nominees, Lisa Fairfax and Hester Peirce, if they did not clearly state support for requiring corporations to make their political donations public. “ The SEC is certainly not responsible for patching that hole in our campaign finance system, but you can help prevent that hole from being ripped any wider,” Schumer said. “;True
U.S. court rules Arkansas can block Planned Parenthood funding;politicsNews;16-08-2017;(Reuters) - A U.S. appeals court on Wednesday reversed a ruling that prevented Arkansas from cutting off Medicaid funding to Planned Parenthood following the release of controversial videos secretly recorded by an anti-abortion group. The 8th U.S. Circuit Court of Appeals in St. Louis reversed a ruling forbidding Arkansas from carrying through with Republican Governor Asa Hutchinson’s directive to suspend Medicaid reimbursements to a Planned Parenthood affiliate. U.S. District Judge Kristine Baker in Little Rock had ruled in favor of three women who claimed Arkansas violated their rights under the federal Medicaid law to choose any qualified provider offering services they were seeking.;True
Trump review of Wall Street rules to be done in stages: sources;politicsNews;08-05-2017;NEW YORK/WASHINGTON (Reuters) - The U.S. government’s review of a landmark 2010 financial reform law will not be complete by early June as originally targeted, and officials will now report findings piece-by-piece, with priority given to banking regulations, sources familiar with the matter said on Monday. President Donald Trump has pledged to do a “big number” on the Dodd-Frank financial overhaul law, which raised banks’ capital requirements, restricted their ability to make speculative bets with customers’ money and created consumer protections in the wake of the financial crisis. In February, Trump ordered Treasury Secretary Steven Mnuchin to review the law and report back within 120 days, saying his administration expected to be cutting large parts of it.;True
Hundreds of U.S. Marines leave Australia after troop rotation;worldnews;15-10-2017;SYDNEY (Reuters) - Three hundred U.S. Marines flew out of Australia on Sunday as their troop rotation came to an end, the first of a 1,250-strong force to leave the Pacific nation after being stationed for six months in the country s far north. The sixth rotational group was the most advanced contingent to be sent since the program began after former U.S. President Barack Obama agreed to send troops in 2011 as part of a military pivot to the Asia-Pacific region. For the first time the rotation included an aviation combat section of 13 aircraft, including four MV-22 Osprey tilt-rotor aircraft, according to Australia s Department of Defence.;True
Trump strategy document says Russia meddles in domestic affairs worldwide;politicsNews;18-12-2017;WASHINGTON (Reuters) - U.S. President Donald Trump’s administration said on Monday that Russia interferes in the domestic political affairs of countries globally, but stopped short of accusing Moscow of meddling in the 2016 U.S. election. The criticism of Russia, laid out in a new national security strategy based on Trump’s “America First” vision, reflects a view long held by U.S. diplomats that Russia actively undermines American interests at home and abroad, despite Trump’s own bid for warmer ties with President Vladimir Putin. “ Through modernized forms of subversive tactics, Russia interferes in the domestic political affairs of countries around the world,” said the document.;True
Clinton calls Trump a 'loose cannon,' risky choice for president;politicsNews;04-05-2016;WASHINGTON (Reuters) - U.S. Democratic presidential front-runner Hillary Clinton took quick aim at presumptive Republican nominee Donald Trump on Wednesday, saying the United States should not take a risk on an unreliable candidate. “ He is a loose cannon, and loose cannons tend to misfire,” Clinton said in an interview with CNN, citing Trump stances including an allegation that climate change was a Chinese hoax.  Clinton, a former secretary of state, said Trump would have to offer policy specifics in ahead of the Nov. 8 presidential election and criticized him for his positions on issues including nuclear weapons and abortion. “;True
"Zimbabwe's top general ready ""to step in"" to end purge of ousted VP supporters";worldnews;13-11-2017;HARARE (Reuters) - Zimbabwe s top general warned on Monday that the military would not hesitate to step in to end purges against former liberation war fighters in President Robert Mugabe s ruling party after Emmerson Mnangagwa was stripped of his vice president s post. General Constantino Chiwenga, commander of Zimbabwe Defence Forces and a political ally of Mnangagwa who was also expelled from the ruling ZANU-PF, said instability in the party was causing anxiety in Zimbabwe. Chiwenga s statement, read out at a news conference packed with army top brass, comes at a time of a deepening rift within ZANU-PF over who will eventually lead the party after the 93-year-old Mugabe goes.;True
Republican Senator Portman opposes TPP trade deal in present form;politicsNews;04-02-2016;WASHINGTON (Reuters) - Republican U.S. Senator Rob Portman on Thursday said he opposes the Trans-Pacific Partnership trade deal in its present form, dealing a significant blow to the pact a day after officials from 12 countries signed it. Portman, from Ohio, said the Pacific trade deal fails to meet the needs of his state’s workers because it lacks an enforceable provision to fight currency manipulation and because of new, less-stringent country-of-origin rules for auto parts. “ I cannot support the TPP in its current form because it doesn’t provide that level playing field,” Portman said in a statement.;True
Venezuelan opposition disarray heaps pain on protesters;worldnews;25-10-2017;CARACAS/SAN CRISTOBAL, Venezuela (Reuters) - With some nursing wounds, others jailed and many heading abroad, Venezuela s young opposition supporters are demoralized by the ruling socialists  shock election win this month, after prolonged protests failed to oust President Nicolas Maduro. Having for months led rallies and battles against Maduro s security forces in which scores died, youth demonstrators reluctantly abandoned the streets as the opposition turned its attention to the Oct. 15 gubernatorial vote. Though the opposition looked set to win comfortably due to public anger over food and medicine shortages, plus soaring inflation, the government took 18 of 23 governorships.;True
France's Macron says not offering Hariri exile;worldnews;15-11-2017;BONN, Germany (Reuters) - President Emmanuel Macron on Wednesday said his invitation on Wednesday to Lebanon s prime minister Saad al-Hariri to come to France was not an offer of political exile.  No, not at all,  Macron told reporters in Bonn when asked if he was handing Hariri exile.  I hope that Lebanon will be stable, and that political choices should be in accordance with institutional rule.;True
Trump could lose a few pounds, but otherwise healthy: adviser;politicsNews;14-09-2016;(Reuters) - Donald Trump knows he could stand to lose a few pounds but otherwise is in great health, campaign adviser Sarah Huckabee Sanders told MSNBC on Wednesday after the Republican presidential candidate filmed a TV segment about his well-being. Trump taped an episode of the “Dr. Oz Show” in New York that will air on Thursday, in which he gave host Dr. Mehmet Oz a summary of a physical exam conducted last week. Trump’s campaign has said he will also release more medical information to the public.;True
After Africa trip, France's Macron breaks 50 percent popularity rating;worldnews;05-12-2017;PARIS (Reuters) - French President Emmanuel Macron s popularity rose above 50 percent for the first time since he was elected in May with people approving of the way he defends the country s interests abroad, a poll showed on Tuesday. The poll, conducted by Ifop-Fiducial for Paris Match magazine, saw the head of state s popularity jump 6 percent compared to the same survey in November.  It comes after Macron undertook a three-day tour to Africa promising a break from the past.;True
Trump mulls national security adviser pick, White House promises autonomy;politicsNews;19-02-2017;WEST PALM BEACH, Fla./WASHINGTON (Reuters) - President Donald Trump may do another round of interviews for the position of national security adviser with new or existing candidates on Monday as he scrambles to fill the post following the ouster of Michael Flynn. Trump interviewed four finalists on Sunday and may meet with some of them again on Monday, White House spokeswoman Sarah Sanders told reporters. The president interviewed acting adviser Keith Kellogg, former U.S. Ambassador to the United Nations John Bolton, Lieutenant General H.R. McMaster and Lieutenant General Robert Caslen at his Mar-a-Lago resort. “;True
Trump to sign order sweeping away Obama-era climate policies;politicsNews;28-03-2017;WASHINGTON (Reuters) - U.S. President Donald Trump will sign an executive order on Tuesday to undo a slew of Obama-era climate change regulations, a move meant to bolster domestic energy production but which environmentalists have vowed to challenge in court. The decree, dubbed the “Energy Independence” order, will seek to undo former President Barack Obama’s Clean Power Plan requiring states to slash carbon emissions from power plants - a critical element in helping the United States meet its commitments to a global climate change accord agreed by nearly 200 countries in Paris in December 2015.  It will also rescind a ban on coal leasing on federal lands, reverse rules to curb methane emissions from oil and gas production, and reduce the weight of climate change in federal agencies’ assessments of new regulations. “;True
U.N. hails first step on Syria detainees, cautious on Sochi plan;worldnews;22-12-2017;GENEVA (Reuters) - U.N. Syria envoy Staffan de Mistura said Syria talks in the Kazakh capital Astana on Friday had agreed on a  working group  for the release of detainees, which he said was a commendable first step towards an arrangement between the warring sides.  He also said that Russia s plan to convene a Syrian  congress of national dialogue  in Sochi next month should be assessed by its ability to contribute to and support the U.N.-led Geneva talks on ending the war in Syria.  ;True
Taiwan suspends oil exports to North Korea, imports of clothing;worldnews;19-09-2017;TAIPEI (Reuters) - Taiwan has suspended refined oil and LNG exports to North Korea, as well as clothing and textile imports, to comply with United Nations resolutions, a largely symbolic move by the island to show it is a responsible member of the international community. Self-ruled Taiwan is not a member of the United Nations, due to Beijing s position that it is simply a Chinese province and so not able to have its own official diplomatic ties with anyone. But proudly democratic Taiwan likes to show that it follows international norms, despite its lack of U.N. membership.;True
UK minister Gove says he hopes May will remain Prime Minister;worldnews;06-10-2017;LONDON (Reuters) - Britain s environment minister and prominent Brexiteer Michael Gove said he hoped Theresa May would remain prime minister after party divisions over her future burst into the open on Friday, revealing a plot by up to 30 lawmakers to unseat her.  Theresa does have the qualities to be Prime Minister, she s been an excellent prime minister, I hope she carries on as our Prime Minister for years to come,  Gove told BBC radio.  ;True
Trump to meet with House Republicans on July 7;politicsNews;14-06-2016;WASHINGTON (Reuters) - Donald Trump will speak with House of Representatives Republicans on July 7 in what would be the first meeting of the party’s presumptive presidential nominee with its entire House caucus, Republican aides said on Tuesday. House Republican Conference Chair Cathy McMorris Rodgers announced plans for the meeting in a closed-door gathering of House Republicans on Tuesday, the aides said. Some House Republicans have publicly criticized Trump’s inflammatory comments about Muslims, immigrants and women, saying they risked the party’s chances of winning the Nov. 8 election.;True
Draft Senate healthcare bill would link subsidies to income: Washington Post;politicsNews;21-06-2017;WASHINGTON (Reuters) - Senate Republicans would repeal most of the taxes that pay for Obamacare, roll back expanded Medicaid coverage under the healthcare law approved in 2010, reshape its subsidies, give states wider latitude to opt out of its regulations and eliminate federal funding for Planned Parenthood, under a draft bill reported by the Washington Post on Wednesday. The Senate legislation would link federal insurance subsidies to income, a change from a House-passed bill that tied them to age, the Post reported. The Senate bill also cuts off Obamacare’s Medicaid expansion more gradually than the House legislation, which passed on May 4, and it removes language restricting federally subsidized health plans from covering abortions, the newspaper said.;True
Polish PM: want to ensure rights of Poles in UK in Brexit talks;worldnews;22-09-2017;WARSAW (Reuters) - Polish Prime Minister Beata Szydlo said on Friday that for Poland the key issue in Brexit negotiations is to focus on the rights of Polish citizens in Britain and issues related to the EU budget.  The Prime Minister expressed expectations that at the first stage of the negotiations it is key to focus on working out good guarantees of the rights of Polish citizens in the United Kingdom, as well as issues related to the EU budget,  Szydlo said in comments emailed to Reuters, following a phone call with Britain s Theresa May.  For Poland it is important that the UK fulfils its current financial obligations.;True
U.S. Treasury sees business taxes as fruitful ground for bipartisan deal;politicsNews;25-05-2017;WASHINGTON (Reuters) - The Trump administration is particularly hopeful it can reach a bipartisan tax deal when it comes overhauling laws for business taxes, Treasury Secretary Steven Mnuchin said on Thursday. “ We are hopeful that we can find common ground, particularly on the issue of making our business taxes competitive,” Mnuchin told a Senate panel.;True
Britain says Northern Irish parties running out of time to save devolution;worldnews;04-09-2017;BELFAST (Reuters) - Northern Ireland s political parties are rapidly running out of time to restore a devolved power-sharing government, Britain s minister for the region said on Monday, as he sought to avoid a return of direct rule from London. Irish nationalists Sinn Fein and the Democratic Unionist Party (DUP) have failed to reach agreement on reforming the devolved administration since its collapse in January, limiting Northern Ireland s influence in Brexit negotiations that could hurt it more than an other part of the United Kingdom.  Formal talks broke down in July and each has blamed the other for missing repeated deadlines.;True
U.S. Navy secretary says 'any patriot' should be able to serve;politicsNews;11-08-2017;WASHINGTON (Reuters) - U.S. Navy Secretary Richard V. Spencer said he would follow directions from the president on transgender people in the military but believes “any patriot” should be allowed to serve. Spencer, speaking to reporters on Thursday on a visit to Naval Station Norfolk in Virginia, said he would abide by any policy the Pentagon provides to the armed forces on the transgender issue. However, Spencer said he believes that, on a fundamental basis, “any patriot that wants to serve and meets all the requirements should be able to serve in our military,” according to news reports.;True
Catalonia asks Spain for dialogue as independence struggle intensifies;worldnews;15-09-2017;MADRID (Reuters) - Catalonian leaders on Friday appealed to the Spanish government for dialogue to avert an impending political crisis over a planned referendum on independence as Madrid took measures to stop state cash being used to fund the vote. Police also intervened to stop a meeting organized by a pro-independence Catalan party, the first public police crackdown on the process. The government of the wealthy northeastern region has pledged to hold a referendum on breaking away from Spain on Oct. 1 in defiance of Prime Minister Mariano Rajoy, who has declared the event illegal and is bringing the weight of the state to bear to prevent it.;True
Catalan election to return hung parliament: poll;worldnews;15-12-2017;MADRID (Reuters) - An election in Catalonia will fail to conclusively resolve a political crisis over an independence drive in the region, the final surveys before the Dec. 21 vote showed on Friday. The ballot will result in a hung parliament, a Metroscopia poll showed, with parties favoring unity with Spain tipped to gain a maximum of 62 seats and pro-secession factions 63, both short of a majority in the region s 135-seat legislature.  Spain s worst political crisis since its transition to democracy four decades ago erupted in October, when Madrid cracked down on an independence referendum it had declared illegal and took control of the wealthy northeastern region.;True
Factbox: Candidate platforms in Chile presidential runoff;worldnews;14-12-2017;SANTIAGO (Reuters) - Center-left Senator Alejandro Guillier and conservative billionaire Sebastian Pinera will go head to head in a runoff for Chile s presidency on Sunday, after securing the top two spots in the Nov. 19 first-round vote. There have been no major polls in the past month, leaving few indications of who will succeed outgoing center-left President Michelle Bachelet in the world s top copper producer. Below are the main proposals from both candidates:  - The former journalist, elected to the Senate in 2013, has promised to deepen the progressive tax, education and labor reforms of ideological ally Bachelet.;True
Trump ordered emergency meeting after global cyber attack: official;politicsNews;14-05-2017;WASHINGTON (Reuters) - U.S. President Donald Trump ordered his homeland security adviser, Tom Bossert, to hold an emergency meeting Friday night to assess the threat posed by a global computer ransomware attack in at least 150 countries, a senior administration official told Reuters. Senior security staff held another meeting in the White House Situation Room on Saturday, and the FBI and National Security Agency were trying to identify the perpetrators of the massive cyber attack, said the official, who spoke on condition on anonymity to discuss internal deliberations.;True
South Korea imposes sanctions on 18 North Koreans, a day before Trump visit;worldnews;06-11-2017;SEOUL (Reuters) - South Korea imposed unilateral sanctions on 18 North Koreans on Monday, barring any financial transactions between those sanctioned and any South Koreans, as part of international efforts to dry up Pyongyang s illegal cash flows. All 18 individuals on which the South Korean sanctions were imposed were directly affiliated to North Korean banks, according to an official government announcement by the finance minister uploaded on the Interior Ministry s website.  They are all people at North Korean financial institutions that have already been sanctioned by the United Nations,  a government official directly involved in the sanction development process told Reuters.;True
Senate panel sets November 28 confirmation hearing for Fed chair nominee Powell;politicsNews;09-11-2017;WASHINGTON (Reuters) - The U.S. Senate Banking Committee will hold a confirmation hearing on Nov. 28 for Jerome Powell, President Donald Trump’s nominee for chairman of the Federal Reserve, the committee said in a statement on Wednesday. Trump last week tapped Powell, 64, a Fed governor since 2012, to become head of the U.S. central bank, breaking with precedent by denying Janet Yellen a second four-year term but signaling a continuation of her cautious monetary policies. Powell is quickly garnering support from Republican lawmakers, including Senate Majority Leader Mitch McConnell, who met with Powell on Tuesday and said he looked forward to “supporting his nomination.”;True
New Zealand PM-designate confirms review of central bank act;worldnews;24-10-2017;SYDNEY (Reuters) - New Zealand prime minister-designate Jacinda Ardern said on Tuesday her new Labour-led government planned to review and reform the central bank act.  Labour has already said it wants to add employment to the Reserve Bank of New Zealand s mandate, alongside inflation, to give it a dual target. New Zealand First, the junior partner in the coalition government, also wants to broaden the central bank s focus to include greater management of the local dollar s value against other currencies.;True
Trump's tougher immigration policy extends to workers post-Harvey;politicsNews;01-09-2017;WASHINGTON (Reuters) - The Trump administration, in line with its tough immigration policy, is keeping red tape in place that could make it harder for immigrants in the aftermath of Hurricane Harvey to find jobs with contractors, a decision critics say is likely to slow the Gulf Coast’s recovery. In the aftermath of Hurricane Katrina in 2005, Republican President George W. Bush temporarily exempted employers hiring Katrina victims from verifying that new employees were authorized to work in the United States.  The 45-day suspension allowed survivors whose identification documents had been lost during the storm to work while awaiting new ones, but it also allowed undocumented immigrants to quickly find jobs with contractors.;True
Miami hospitals prepare for surge in births during Hurricane Irma;worldnews;08-09-2017;(Reuters) - While many Miami hospitals are shutting down as Hurricane Irma bears down on Florida, some are offering shelter to their pregnant patients, bracing for the increase in births that often accompanies these large storms. At least three of the city s hospitals have plans in place to care for women with advanced or high-risk pregnancies.  They could be busy.;True
Republican senator wants Democrats to testify on Trump dossier;politicsNews;29-10-2017;WASHINGTON (Reuters) - U.S. Senator Susan Collins, a Republican member of the Intelligence Committee, said Democrats should be called again to testify about reports that their party and Hillary Clinton’s presidential campaign paid for parts of a dossier that detailed accusations about President Donald Trump’s ties to Russia.  The Washington Post reported last week that Marc Elias, a lawyer for 2016 Democratic presidential candidate Clinton, used campaign funds to hire Fusion GPS, the firm behind the dossier. Committees in both chambers of Congress have been investigating the origin and contents of the document.;True
Democrats say gun defeat in Congress could help on campaign trail;politicsNews;23-06-2016;WASHINGTON (Reuters) - Democrats in Congress ended a 25-hour sit-in on the floor of the House of Representatives where they have been countless times before: short of the votes needed to tighten U.S. gun laws. But many see their latest defeat as a prelude to victory in the Nov. 8 elections. Spurred by the deadliest mass shooting in modern U.S. history, Democrats are showing a new willingness to make gun laws a top issue in Washington and on the campaign trail, defying powerful lobbying groups like the National Rifle Association that have helped make the United States the most gun-friendly country in the developed world.;True
The Adoration Of Kim Jong Un;worldnews;30-11-2017;PYONGYANG - North Koreans stage a demonstration of devotion to their leader Kim Jong Un at least once a year, in a large ceremonial square in Pyongyang.  Mansae!  the people call as they parade past the 33-year old, who stands on a balcony above them:  Live long!;True
Venezuela opposition won't attend scheduled talks with government;worldnews;26-09-2017;CARACAS (Reuters) - Venezuela s opposition said on Tuesday it will not join scheduled talks with President Nicolas Maduro s government, undercutting a dialogue effort that has been viewed with suspicion by many adversaries of the ruling Socialist Party. The government has eagerly promoted the talks amid global criticism that Maduro is turning the country into a dictatorship, while the opposition has always insisted the talks should not distract from the country s economic crisis.  The two sides held separate exploratory conversations with the president of the Dominican Republic earlier this month.;True
Trump wins Scottish golf course privacy rights case;politicsNews;05-04-2017;LONDON (Reuters) - A grandmother who had sued a luxury Scottish golf resort founded by U.S. President Donald Trump for breaching her privacy by photographing her urinating on the course, lost her case on Wednesday. Rohan Beyts, a long-term opponent of the Trump International Golf Links (TIGL) on the northeastern coast of Scotland, had sought 3,000 pounds ($3,745) in damages at the Edinburgh Sheriff Court over the incident last year which she said had left her shocked and upset. She claimed that by filming her, staff had breached data protection laws.;True
Argentina blocks some activists from attending WTO meeting;worldnews;30-11-2017;BUENOS AIRES (Reuters) - Argentina revoked the credentials of some activists who had been accredited by the World Trade Organization (WTO) to attend its ministerial meeting taking place in Buenos Aires next month, the foreign ministry and civil society groups said on Thursday. The 63 activists who had their accreditations rescinded were largely affiliated with the Our World Is Not for Sale network, said organizer Deborah James. The group opposes  corporate globalization  and has staged protests at previous WTO meetings.;True
