title,subject,date,short_text,type
(VIDEO) TRUMP AND O’REILLY DISCUSS DEBATE: Admits He’s “Apprehensive” Before First National GOP Debate,politics,"Aug 4, 2015", You don t know what s gonna come at you all of this has nothing to do with being a great President.  ,Fake
BRUTAL Meme Shows EXACTLY What A Hillary Presidency Would Look Like,politics,"Mar 19, 2016","This cartoon is one of our all-time favorites. You ve gotta love the note from Bill on the pillow, and the Bernie Sanders voodoo doll on her nightstand is priceless",Fake
BREAKING: “The Real Donald Trump Story” [VIDEO],politics,"Jan 8, 2016",A New Campaign Video was just released from the Donald Trump Campaign   Your thoughts on this?,Fake
AMAZING! JUDGE LYNN TOLER ON THE DEFINITION OF MANHOOD,left-news,"Jun 9, 2015",Amen! This judge brings it to this man and it s amazing!,Fake
‘Bernie Sanders is on a Mission’,US_News,"May 26, 2016","21st Century Wire says But he can he accomplish his objective?In the following episode of CrossTalk, a panel gets into a very heated discussion on that very question. Sanders is the only candidate who has a chance of beating Trump, as Hillary is now consistently losing to him in head-to-head polls.",Fake
ONLY IN DETROIT: SQUATTING ON THE SQUATTER TAKES A TURN,politics,"Apr 9, 2015",You won t want to miss this,Fake
"Shaquille O’Neal: “The Earth is flat. Yes, it is.”",US_News,"March 21, 2017","21st Century Wire says No, it is not. Retired basketball megastar Shaquille O Neal has stated that he believes the world is flat.",Fake
HILARIOUS! Random French People Say They’d Gladly House A Refugee Until Interviewer Surprises Them With Refugee To Take Home [VIDEO],politics,"May 5, 2017","Watch this hilarious video from our British conservative friend Paul Joseph Watson (Twitter name:@PrisonPlanet) who does a brilliant job exposing the hypocrisy of the left: Pro-migrant French welcome more refugees! But when asked to house one, their enthusiasm suddenly disappears.",Fake
BUZZFEED’S EDITOR-IN-CHIEF Attempts Lame Explanation Of Why He Published Fake News On Trump: “This was absolutely the right thing to do” [Video],politics,"Jan 11, 2017","Here s @chucktodd s interview with @BuzzFeedBen about BuzzFeed s decision to publish that dossier https://t.co/Oa7Fs6IVLT  Bradd Jaffy (@BraddJaffy) January 11, 2017",Fake
"BREAKING: SOURCE TELLS HOW Anthony Weiner Accidentally Got The 650,000 Emails The FBI Discovered [Video]",politics,"Oct 31, 2016", A source close to Anthony Weiner s legal team says it seems the laptop containing the emails was used to backup his estranged wife s Smartphone contacts in the process. The computer apparently backed up all of the emails as well.,Fake
SEE GEORGE STEPHANOPOULOS’ Reaction When Hillary Says She’s Ignorant About 9/11 Legislation,Government News,"Apr 17, 2016", I don t really know about that    Nice try Hillary!,Fake
WATCH HILLARY CLINTON Go Full On Socialist…Your Hard Earned Money Isn’t Yours! [Video],politics,"Aug 12, 2016",The Death Tax is the hard earned money you have to pass on to the government when you die. Wouldn t you rather your children receive that money instead of the feds?,Fake
BRAVO! WATCH TED CRUZ SLAM The Lies Of Leftists Attacking Senator Jeff Sessions [Video],politics,"Jan 10, 2017","Watch Ted Cruz completely annihilate the Leftist false attacks on Jeff Sessions  character! # confirmationhearing pic.twitter.com/tBaz5rdRoI  John Binder   (@JxhnBinder) January 10, 2017",Fake
WHY IS LORETTA LYNCH OPENING For One Of The Biggest Black Lives Matter Leaders? Is This an Endorsement?,politics,"Aug 4, 2016",Loretta Lynch is head of the DOJ and is opening for Deray McKesson of Black Lives Matter tomorrow in Detroit. Is this an endorsement of the radical domestic terrorist organization that calls for looting and violence in the name of social justice?,Fake
SHOUT! POLL: Should Protesters Be Allowed to Shut Down Political Rallies?,Middle-east,"March 12, 2016", 21st Century Wire asks HAVE YOUR SHOUT: Friday night in Chicago saw an unprecedented incident   where flash mobs from an opposing political party were successful in shutting down a presidential political rally. We ask our readers if protesters should be allowed to shut down political rallies.,Fake
Palestinian negotiator says 'no talking' with U.S. until Trump reverses Jerusalem decision: Al Jazeera,worldnews,"December 8, 2017 ","CAIRO (Reuters) - Palestinian chief negotiator Saeb Erekat told Al Jazeera TV on Friday that the Palestinians will not talk to the United States until President Donald Trump has reversed his decision to recognize Jerusalem as Israel s capital, the channel reported. Erekat also said the Palestinian leadership was considering all options in response to Trump s announcement, the channel reported in a newsflash, without giving further details.",True
UK defense minister: PM May decides on cabinet hiring and firing,worldnews,"November 8, 2017 ","LONDON (Reuters) - British defense minister Gavin Williamson said on Wednesday it was up to Prime Minister Theresa May to decide who serves in her top team, responding to a question about the political future of aid minister Priti Patel.  The prime minister makes her own decision on actually who is serving in her cabinet, and they re only the prime minister s decisions,  he told reporters in Brussels.",True
NSA director Rogers is top candidate for DNI under Trump: WSJ,politicsNews,"November 18, 2016 ","(Reuters) - U.S. National Security Agency Director Admiral Mike Rogers is the leading candidate to become President-elect Donald Trump’s next director of national intelligence, the Wall Street Journal reported on Friday, citing two unnamed people familiar with the matter. Rogers met with Trump in New York on Thursday, members of Trump’s transition team said on Friday.",True
"Putin, Trump to discuss North Korea on Tuesday: IFX cites Kremlin aide",politicsNews,"November 21, 2017 ","MOSCOW (Reuters) - Russian President Vladimir Putin and U.S. President Donald Trump will discuss North Korea when they hold a telephone conversation on Tuesday, Interfax news agency cited Kremlin aide Yuri Ushakov as saying. Kremlin spokesman Dmitry Peskov said earlier on Tuesday that the conversation would focus on Syrian President Bashar al-Assad’s visit to Russia which he made on Monday.",True
Russian and Chinese heads of state to meet in first half of November,worldnews,"October 26, 2017 ","MOSCOW (Reuters) - Russian President Vladimir Putin on Thursday held a telephone conversation with his Chinese counterpart Xi Jinping, and the two leaders agreed to meet in the first half of November, the Kremlin said. The meeting will take place on the sidelines of an Asia-Pacific summit to be hosted by Vietnam, it said.",True
Florida lieutenant governor ends bid for Senate seat,politicsNews,"June 22, 2016 ","(Reuters) - Florida’s Republican lieutenant governor, Carlos Lopez-Cantera, on Wednesday dropped his bid for a U.S. Senate seat shortly after Senator Marco Rubio said he would be entering the race. “ I want to congratulate and thank Marco for his decision to pursue re-election to the U.S. Senate,” Lopez-Cantera, a friend of Rubio’s, said in a statement.",True
Cruz campaign vetting Fiorina as a possible VP pick: ABC News,politicsNews,"April 25, 2016 ","WASHINGTON (Reuters) - U.S. Republican presidential candidate Ted Cruz’s campaign is vetting former business executive Carly Fiorina as a possible vice presidential pick, ABC News said on Friday. Earlier, Cruz’s campaign said it had narrowed its running mate options to a short list.",True
Trump to announce transportation secretary pick: spokesman,politicsNews,"November 29, 2016 ","WASHINGTON (Reuters) - President-elect Donald Trump will nominate a transportation secretary on Tuesday afternoon, a spokesman told Fox News, as he continues to fill out his domestic policy team. Trump transition team spokesman Jason Miller said the Cabinet selection would be announced in the early afternoon.",True
U.S. says it will take steps after Cambodia's dissolves opposition party,worldnews,"November 17, 2017 ","WASHINGTON (Reuters) - The United States expressed  grave concern  on Thursday about the Cambodian government s decision to dissolve the main opposition party and said Washington will take  concrete steps  in response, according to a White House statement. As a first step, the White House said, the United States will end its support for the Cambodian National Election Committee and its administration of the 2018 national election.",True
Senate Republican leader says on path toward deal on government funding,politicsNews,"October 31, 2017 ","WASHINGTON (Reuters) - Senate Republican leader Mitch McConnell said on Tuesday lawmakers and the Trump administration were “on a path” toward reaching a deal on a bill that would keep the government funded beyond Dec. 8. “ That job will have to be done by December the eighth, and I think we’re on a path to do that,” McConnell told reporters, without providing any details.",True
Trump to study tougher Russia sanctions bill: White House,politicsNews,"July 24, 2017 ","ABOARD AIR FORCE ONE (Reuters) - President Donald Trump will examine whether a bill toughening sanctions on Russia is offering the “best deal” for the American people, White House spokeswoman Sarah Sanders said on Monday. “ He’s going to study that legislation and see what the final product looks like,” Sanders told reporters during a briefing on Air Force One, when asked whether Trump would support the legislation.",True
U.S. 'very concerned' by violence around Iraq's Kirkuk: State Department,worldnews,"October 16, 2017 ","WASHINGTON (Reuters) - The U.S. State Department said on Monday Washington was  very concerned  by reports of violence around the Iraqi oil city of Kirkuk, which was seized by Baghdad s forces from Kurds.  We are monitoring the situation closely and call on all parties to coordinate military activities and restore calm,   State Department spokeswoman Heather Nauert said in a statement.",True
Trump discusses safe zones in Syria with Jordan's king: White House,politicsNews,"February 2, 2017 ","WASHINGTON (Reuters) - U.S. President Donald Trump discussed with Jordan’s King Abdullah the possibility of establishing safe zones in Syria, the White House said on Thursday. Trump met with King Abdullah briefly in Washington on Thursday morning, the White House said in a statement.",True
Trump says 'not distracted' by NFL protests,politicsNews,"September 26, 2017 ","WASHINGTON (Reuters) - U.S. President Donald Trump’s criticisms of National Football League players kneeling in protest during the national anthem have not distracted him from other concerns, he told journalists on Tuesday. “ I wasn’t preoccupied with the NFL.",True
Tillerson says Saudi Arabia not ready for talks with Qatar on Gulf crisis,worldnews,"October 22, 2017 ","DOHA (Reuters) - Saudi Arabia is not yet ready to begin direct talks with Doha to resolve the nearly five-month diplomatic and trade cutoff affecting Qatar, U.S. Secretary of State Rex Tillerson said on Sunday.  There is not a strong indication that the parties are ready to talk yet,  Tillerson said of discussions he had earlier in the day in Riyadh with Saudi Crown Prince Mohammed bin Salman aimed at overcoming the row.",True
